0;0
1;1
2;2
3;3
4;4
5;1
6;5
7;5
8;6
9;7
10;5
11;1
12;5
13;8
14;8
15;1
16;1
17;9
18;5
19;10
20;5
21;11
22;11
23;12
24;13
25;5
26;1
27;14
28;1
29;5
30;1
31;1
32;1
33;15
34;16
35;17
36;1
37;18
38;14
39;1
40;15
41;15
42;19
43;2
44;2
45;20
46;21
47;15
48;14
49;20
50;22
51;15
52;1
53;0
54;15
55;0
56;15
57;0
58;9
59;0
60;11
61;0
62;7
63;23
64;20
65;20
66;20
67;20
68;2
69;9
70;8
71;24
72;11
73;8
74;8
75;25
76;26
77;20
78;27
79;8
80;8
81;8
82;8
83;28
84;29
85;0
86;30
87;31
88;0
89;32
90;0
91;0
92;31
93;31
94;11
95;11
96;33
97;34
98;35
99;36
100;17
101;7
102;37
103;38
104;39
105;40
106;41
107;39
108;0
109;42
110;40
111;43
112;0
113;40
114;43
115;44
116;44
117;0
118;40
119;40
120;7
121;45
122;46
123;46
124;17
125;0
126;47
127;48
128;47
129;11
130;49
131;3
132;50
133;51
134;51
135;52
136;52
137;53
138;53
139;47
140;54
141;11
142;55
143;56
144;53
145;53
146;53
147;57
148;53
149;58
150;53
151;59
152;11
153;60
154;43
155;61
156;62
157;7
158;63
159;63
160;63
161;63
162;64
163;65
164;66
165;67
166;68
167;69
168;70
169;71
170;71
171;72
172;3
173;73
174;74
175;3
176;75
177;76
178;77
179;7
180;78
181;7
182;39
183;79
184;80
185;81
186;82
187;83
188;84
189;82
190;85
191;86
192;82
193;82
194;87
195;88
196;89
197;24
198;90
199;89
200;7
201;91
202;92
203;92
204;92
205;93
206;86
207;94
208;95
209;52
210;52
211;96
212;97
213;98
214;86
215;99
216;100
217;101
218;102
219;86
220;103
221;104
222;105
223;105
224;106
225;7
226;86
227;107
228;108
229;35
230;86
231;109
232;110
233;111
234;83
235;112
236;112
237;111
238;113
239;114
240;115
241;116
242;117
243;118
244;119
245;120
246;63
247;118
248;63
249;63
250;63
251;63
252;63
253;121
254;118
255;118
256;118
257;118
258;118
259;122
260;118
261;118
262;118
263;47
264;47
265;44
266;123
267;124
268;46
269;46
270;56
271;7
272;46
273;125
274;126
275;51
276;51
277;127
278;128
279;129
280;130
281;131
282;129
283;132
284;12
285;129
286;133
287;133
288;129
289;134
290;135
291;136
292;26
293;135
294;137
295;52
296;7
297;26
298;129
299;138
300;139
301;140
302;141
303;142
304;141
305;71
306;129
307;143
308;71
309;71
310;144
311;145
312;49
313;14
314;129
315;103
316;14
317;106
318;14
319;129
320;146
321;43
322;141
323;136
324;147
325;148
326;148
327;149
328;150
329;151
330;148
331;148
332;148
333;148
334;7
335;148
336;152
337;153
338;154
339;102
340;155
341;102
342;156
343;148
344;157
345;158
346;159
347;160
348;161
349;162
350;163
351;164
352;165
353;166
354;165
355;100
356;167
357;165
358;165
359;168
360;167
361;105
362;83
363;136
364;167
365;7
366;52
367;167
368;169
369;167
370;170
371;52
372;171
373;172
374;167
375;52
376;167
377;26
378;63
379;63
380;63
381;63
382;167
383;173
384;167
385;174
386;167
387;167
388;175
389;112
390;112
391;139
392;175
393;174
394;176
395;175
396;177
397;178
398;175
399;179
400;180
401;181
402;182
403;44
404;174
405;44
406;13
407;7
408;68
409;183
410;184
411;46
412;46
413;46
414;46
415;185
416;185
417;12
418;186
419;186
420;184
421;187
422;46
423;46
424;26
425;184
426;188
427;189
428;190
429;190
430;184
431;191
432;83
433;55
434;184
435;142
436;114
437;184
438;192
439;193
440;184
441;194
442;184
443;56
444;184
445;195
446;141
447;154
448;184
449;196
450;197
451;198
452;199
453;200
454;201
455;141
456;202
457;202
458;202
459;202
460;203
461;204
462;204
463;66
464;141
465;141
466;49
467;7
468;181
469;205
470;181
471;206
472;207
473;208
474;209
475;210
476;211
477;212
478;213
479;109
480;214
481;214
482;211
483;190
484;52
485;52
486;215
487;216
488;217
489;218
490;219
491;102
492;26
493;7
494;220
495;220
496;221
497;219
498;16
499;222
500;223
501;219
502;224
503;225
504;226
505;174
506;227
507;227
508;219
509;228
510;173
511;219
512;229
513;167
514;83
515;116
516;230
517;167
518;171
519;26
520;167
521;231
522;232
523;231
524;167
525;233
526;167
527;234
528;235
529;167
530;7
531;167
532;167
533;207
534;167
535;236
536;167
537;190
538;167
539;112
540;112
541;112
542;237
543;238
544;167
545;212
546;239
547;238
548;167
549;142
550;240
551;167
552;238
553;167
554;241
555;238
556;242
557;238
558;167
559;52
560;167
561;238
562;243
563;238
564;167
565;244
566;238
567;167
568;167
569;142
570;245
571;245
572;167
573;238
574;222
575;246
576;167
577;247
578;238
579;238
580;46
581;46
582;46
583;7
584;248
585;46
586;46
587;58
588;249
589;192
590;250
591;207
592;11
593;66
594;207
595;12
596;207
597;26
598;207
599;251
600;66
601;57
602;185
603;252
604;253
605;254
606;255
607;252
608;256
609;257
610;258
611;252
612;252
613;252
614;259
615;260
616;261
617;262
618;190
619;222
620;190
621;7
622;263
623;264
624;265
625;266
626;173
627;233
628;134
629;57
630;267
631;268
632;214
633;214
634;269
635;270
636;26
637;214
638;214
639;214
640;214
641;214
642;271
643;272
644;208
645;272
646;269
647;214
648;214
649;214
650;214
651;222
652;273
653;274
654;85
655;55
656;214
657;214
658;214
659;55
660;55
661;55
662;214
663;214
664;214
665;214
666;214
667;214
668;152
669;275
670;214
671;214
672;276
673;7
674;52
675;271
676;250
677;277
678;278
679;279
680;280
681;281
682;282
683;283
684;68
685;7
686;284
687;169
688;285
689;222
690;286
691;287
692;285
693;285
694;288
695;289
696;289
697;290
698;291
699;7
700;292
701;293
702;294
703;26
704;100
705;114
706;112
707;295
708;296
709;297
710;298
711;298
712;299
713;300
714;301
715;302
716;303
717;222
718;304
719;302
720;305
721;306
722;302
723;238
724;12
725;307
726;302
727;307
728;52
729;238
730;308
731;309
732;310
733;310
734;302
735;311
736;308
737;312
738;238
739;313
740;302
741;46
742;46
743;46
744;238
745;314
746;222
747;302
748;238
749;238
750;7
751;315
752;302
753;308
754;302
755;303
756;316
757;317
758;318
759;302
760;302
761;319
762;320
763;83
764;302
765;321
766;302
767;322
768;323
769;293
770;322
771;322
772;323
773;302
774;322
775;302
776;323
777;324
778;302
779;323
780;325
781;323
782;302
783;326
784;326
785;323
786;327
787;302
788;262
789;309
790;328
791;302
792;329
793;309
794;302
795;302
796;302
797;301
798;262
799;330
800;12
801;214
802;331
803;214
804;214
805;214
806;332
807;214
808;214
809;214
810;214
811;214
812;214
813;214
814;282
815;333
816;214
817;214
818;214
819;334
820;7
821;95
822;335
823;262
824;336
825;337
826;293
827;337
828;338
829;220
830;339
831;340
832;256
833;341
834;342
835;343
836;341
837;344
838;345
839;272
840;272
841;272
842;346
843;347
844;348
845;341
846;349
847;285
848;350
849;323
850;285
851;341
852;285
853;341
854;190
855;323
856;351
857;38
858;351
859;341
860;352
861;323
862;351
863;353
864;345
865;354
866;355
867;341
868;351
869;323
870;351
871;351
872;341
873;351
874;351
875;351
876;356
877;357
878;83
879;358
880;7
881;341
882;357
883;227
884;341
885;359
886;359
887;357
888;357
889;360
890;351
891;361
892;351
893;105
894;341
895;351
896;116
897;362
898;363
899;364
900;153
901;365
902;366
903;276
904;341
905;365
906;367
907;368
908;365
909;341
910;369
911;370
912;365
913;371
914;372
915;151
916;363
917;363
918;341
919;363
920;373
921;374
922;309
923;341
924;373
925;341
926;341
927;375
928;341
929;373
930;50
931;376
932;319
933;377
934;341
935;293
936;345
937;373
938;341
939;373
940;378
941;341
942;379
943;380
944;310
945;373
946;381
947;381
948;382
949;381
950;341
951;373
952;52
953;52
954;323
955;16
956;46
957;212
958;212
959;383
960;373
961;46
962;323
963;328
964;52
965;7
966;46
967;46
968;381
969;46
970;381
971;373
972;203
973;190
974;384
975;190
976;385
977;323
978;386
979;373
980;345
981;378
982;387
983;323
984;388
985;373
986;323
987;114
988;389
989;7
990;390
991;373
992;323
993;391
994;373
995;83
996;392
997;141
998;141
999;393
1000;323
1001;394
1002;395
1003;381
1004;373
1005;381
1006;381
1007;323
1008;396
1009;381
1010;373
1011;136
1012;136
1013;381
1014;323
1015;373
1016;236
1017;323
1018;397
1019;378
1020;373
1021;398
1022;399
1023;323
1024;373
1025;154
1026;132
1027;323
1028;141
1029;141
1030;400
1031;373
1032;245
1033;141
1034;245
1035;396
1036;323
1037;373
1038;401
1039;402
1040;323
1041;282
1042;403
1043;381
1044;373
1045;381
1046;282
1047;381
1048;381
1049;7
1050;323
1051;404
1052;373
1053;323
1054;345
1055;405
1056;401
1057;68
1058;406
1059;163
1060;323
1061;407
1062;323
1063;408
1064;409
1065;410
1066;411
1067;323
1068;412
1069;7
1070;323
1071;331
1072;163
1073;413
1074;323
1075;404
1076;331
1077;272
1078;272
1079;272
1080;414
1081;323
1082;415
1083;416
1084;417
1085;385
1086;418
1087;419
1088;414
1089;420
1090;337
1091;337
1092;421
1093;212
1094;422
1095;423
1096;163
1097;421
1098;421
1099;421
1100;421
1101;110
1102;421
1103;421
1104;421
1105;424
1106;421
1107;421
1108;421
1109;425
1110;426
1111;389
1112;402
1113;427
1114;428
1115;429
1116;430
1117;431
1118;432
1119;433
1120;434
1121;169
1122;435
1123;435
1124;436
1125;100
1126;437
1127;438
1128;438
1129;267
1130;439
1131;440
1132;441
1133;442
1134;443
1135;444
1136;385
1137;445
1138;446
1139;293
1140;447
1141;414
1142;448
1143;215
1144;440
1145;52
1146;362
1147;446
1148;449
1149;449
1150;130
1151;450
1152;451
1153;83
1154;447
1155;105
1156;452
1157;373
1158;453
1159;454
1160;447
1161;373
1162;163
1163;373
1164;212
1165;439
1166;188
1167;188
1168;373
1169;447
1170;455
1171;373
1172;85
1173;456
1174;373
1175;457
1176;46
1177;458
1178;373
1179;459
1180;52
1181;373
1182;460
1183;461
1184;460
1185;373
1186;459
1187;462
1188;463
1189;6
1190;464
1191;465
1192;373
1193;370
1194;320
1195;466
1196;467
1197;373
1198;468
1199;469
1200;373
1201;373
1202;470
1203;471
1204;373
1205;472
1206;373
1207;373
1208;163
1209;473
1210;404
1211;328
1212;341
1213;90
1214;474
1215;474
1216;474
1217;341
1218;293
1219;475
1220;474
1221;474
1222;163
1223;474
1224;341
1225;474
1226;476
1227;474
1228;476
1229;12
1230;476
1231;477
1232;341
1233;478
1234;479
1235;480
1236;341
1237;479
1238;481
1239;481
1240;341
1241;360
1242;341
1243;482
1244;483
1245;272
1246;163
1247;331
1248;331
1249;484
1250;485
1251;341
1252;486
1253;487
1254;341
1255;488
1256;331
1257;489
1258;490
1259;491
1260;373
1261;341
1262;337
1263;337
1264;373
1265;163
1266;492
1267;493
1268;341
1269;147
1270;163
1271;481
1272;494
1273;495
1274;341
1275;373
1276;373
1277;341
1278;341
1279;373
1280;496
1281;476
1282;341
1283;373
1284;497
1285;341
1286;498
1287;499
1288;500
1289;341
1290;501
1291;245
1292;502
1293;503
1294;341
1295;504
1296;341
1297;505
1298;169
1299;506
1300;341
1301;507
1302;341
1303;18
1304;293
1305;52
1306;296
1307;296
1308;341
1309;508
1310;509
1311;510
1312;511
1313;512
1314;475
1315;446
1316;362
1317;362
1318;362
1319;511
1320;12
1321;511
1322;446
1323;513
1324;511
1325;446
1326;514
1327;515
1328;511
1329;115
1330;511
1331;515
1332;446
1333;105
1334;105
1335;515
1336;511
1337;516
1338;515
1339;511
1340;448
1341;446
1342;517
1343;515
1344;511
1345;446
1346;434
1347;511
1348;515
1349;446
1350;511
1351;515
1352;446
1353;515
1354;518
1355;518
1356;518
1357;515
1358;511
1359;519
1360;518
1361;515
1362;56
1363;56
1364;520
1365;446
1366;521
1367;522
1368;515
1369;523
1370;520
1371;522
1372;446
1373;446
1374;520
1375;524
1376;522
1377;100
1378;426
1379;446
1380;525
1381;522
1382;526
1383;527
1384;514
1385;528
1386;446
1387;194
1388;529
1389;522
1390;520
1391;16
1392;434
1393;446
1394;511
1395;522
1396;529
1397;530
1398;522
1399;522
1400;446
1401;511
1402;531
1403;12
1404;446
1405;531
1406;532
1407;511
1408;533
1409;531
1410;531
1411;446
1412;533
1413;531
1414;531
1415;533
1416;446
1417;534
1418;341
1419;533
1420;341
1421;446
1422;446
1423;446
1424;341
1425;511
1426;404
1427;533
1428;341
1429;533
1430;533
1431;404
1432;535
1433;511
1434;341
1435;533
1436;536
1437;537
1438;535
1439;511
1440;341
1441;116
1442;90
1443;90
1444;538
1445;535
1446;341
1447;533
1448;535
1449;533
1450;511
1451;538
1452;535
1453;341
1454;538
1455;535
1456;511
1457;535
1458;535
1459;123
1460;152
1461;341
1462;535
1463;539
1464;540
1465;541
1466;535
1467;341
1468;511
1469;542
1470;535
1471;543
1472;543
1473;341
1474;544
1475;511
1476;545
1477;542
1478;542
1479;546
1480;547
1481;548
1482;167
1483;213
1484;542
1485;167
1486;549
1487;167
1488;550
1489;538
1490;538
1491;551
1492;538
1493;542
1494;167
1495;538
1496;552
1497;550
1498;550
1499;538
1500;553
1501;554
1502;538
1503;167
1504;538
1505;555
1506;556
1507;538
1508;538
1509;557
1510;167
1511;553
1512;558
1513;559
1514;167
1515;560
1516;561
1517;114
1518;562
1519;563
1520;167
1521;564
1522;565
1523;563
1524;377
1525;41
1526;563
1527;566
1528;567
1529;542
1530;563
1531;568
1532;563
1533;569
1534;563
1535;105
1536;570
1537;571
1538;91
1539;362
1540;553
1541;572
1542;573
1543;574
1544;575
1545;573
1546;576
1547;573
1548;220
1549;577
1550;578
1551;220
1552;220
1553;579
1554;573
1555;580
1556;573
1557;581
1558;582
1559;583
1560;567
1561;584
1562;585
1563;577
1564;167
1565;586
1566;167
1567;587
1568;328
1569;588
1570;588
1571;573
1572;130
1573;167
1574;573
1575;563
1576;573
1577;589
1578;590
1579;563
1580;591
1581;110
1582;563
1583;563
1584;589
1585;66
1586;121
1587;592
1588;56
1589;593
1590;594
1591;595
1592;548
1593;211
1594;211
1595;596
1596;366
1597;245
1598;358
1599;548
1600;597
1601;598
1602;599
1603;599
1604;600
1605;601
1606;602
1607;159
1608;603
1609;12
1610;604
1611;605
1612;241
1613;606
1614;90
1615;599
1616;515
1617;607
1618;349
1619;608
1620;515
1621;445
1622;515
1623;609
1624;571
1625;610
1626;515
1627;611
1628;515
1629;275
1630;612
1631;609
1632;613
1633;614
1634;608
1635;515
1636;615
1637;169
1638;614
1639;515
1640;616
1641;617
1642;515
1643;618
1644;606
1645;617
1646;617
1647;617
1648;609
1649;515
1650;619
1651;154
1652;620
1653;515
1654;621
1655;622
1656;515
1657;623
1658;624
1659;545
1660;515
1661;619
1662;619
1663;545
1664;619
1665;619
1666;515
1667;625
1668;626
1669;515
1670;627
1671;627
1672;628
1673;515
1674;629
1675;630
1676;515
1677;631
1678;632
1679;515
1680;448
1681;633
1682;634
1683;258
1684;515
1685;635
1686;515
1687;515
1688;636
1689;636
1690;586
1691;637
1692;515
1693;638
1694;586
1695;612
1696;515
1697;586
1698;85
1699;639
1700;586
1701;616
1702;640
1703;204
1704;641
1705;642
1706;230
1707;643
1708;644
1709;645
1710;646
1711;647
1712;648
1713;236
1714;649
1715;650
1716;651
1717;652
1718;651
1719;653
1720;651
1721;651
1722;654
1723;655
1724;651
1725;651
1726;651
1727;651
1728;263
1729;342
1730;656
1731;657
1732;658
1733;659
1734;660
1735;660
1736;660
1737;661
1738;660
1739;660
1740;447
1741;660
1742;660
1743;662
1744;663
1745;411
1746;664
1747;665
1748;666
1749;667
1750;221
1751;221
1752;668
1753;669
1754;670
1755;221
1756;671
1757;447
1758;672
1759;673
1760;674
1761;675
1762;30
1763;676
1764;677
1765;678
1766;679
1767;680
1768;681
1769;682
1770;447
1771;116
1772;651
1773;651
1774;683
1775;651
1776;684
1777;100
1778;685
1779;683
1780;686
1781;687
1782;683
1783;688
1784;689
1785;296
1786;683
1787;683
1788;690
1789;683
1790;691
1791;688
1792;169
1793;683
1794;692
1795;683
1796;221
1797;693
1798;694
1799;683
1800;105
1801;683
1802;549
1803;695
1804;683
1805;696
1806;697
1807;683
1808;683
1809;698
1810;699
1811;700
1812;328
1813;586
1814;80
1815;683
1816;586
1817;701
1818;565
1819;683
1820;586
1821;702
1822;703
1823;702
1824;702
1825;683
1826;651
1827;586
1828;651
1829;651
1830;586
1831;704
1832;683
1833;651
1834;705
1835;706
1836;707
1837;708
1838;651
1839;683
1840;709
1841;710
1842;711
1843;712
1844;713
1845;708
1846;651
1847;683
1848;651
1849;651
1850;651
1851;683
1852;714
1853;683
1854;715
1855;716
1856;651
1857;699
1858;548
1859;651
1860;683
1861;717
1862;512
1863;718
1864;683
1865;571
1866;683
1867;635
1868;575
1869;683
1870;231
1871;231
1872;719
1873;231
1874;100
1875;683
1876;720
1877;721
1878;722
1879;683
1880;723
1881;683
1882;66
1883;575
1884;683
1885;724
1886;548
1887;683
1888;13
1889;13
1890;716
1891;683
1892;699
1893;683
1894;699
1895;523
1896;548
1897;683
1898;725
1899;302
1900;683
1901;245
1902;302
1903;683
1904;726
1905;726
1906;727
1907;683
1908;302
1909;728
1910;683
1911;302
1912;683
1913;302
1914;683
1915;302
1916;729
1917;683
1918;302
1919;730
1920;726
1921;726
1922;726
1923;436
1924;302
1925;683
1926;726
1927;673
1928;726
1929;642
1930;642
1931;683
1932;716
1933;302
1934;731
1935;731
1936;683
1937;302
1938;726
1939;732
1940;733
1941;726
1942;734
1943;683
1944;726
1945;730
1946;302
1947;726
1948;726
1949;735
1950;726
1951;736
1952;302
1953;683
1954;737
1955;738
1956;302
1957;527
1958;90
1959;302
1960;617
1961;527
1962;730
1963;726
1964;730
1965;739
1966;730
1967;726
1968;730
1969;730
1970;527
1971;302
1972;740
1973;730
1974;302
1975;152
1976;685
1977;527
1978;527
1979;741
1980;548
1981;552
1982;50
1983;742
1984;743
1985;545
1986;302
1987;730
1988;716
1989;699
1990;545
1991;744
1992;302
1993;745
1994;302
1995;699
1996;699
1997;746
1998;302
1999;515
2000;302
2001;699
2002;730
2003;747
2004;2
2005;515
2006;699
2007;302
2008;515
2009;105
2010;748
2011;302
2012;749
2013;750
2014;586
2015;515
2016;749
2017;749
2018;586
2019;289
2020;749
2021;289
2022;586
2023;515
2024;730
2025;751
2026;752
2027;749
2028;2
2029;2
2030;2
2031;749
2032;749
2033;44
2034;515
2035;753
2036;754
2037;515
2038;755
2039;755
2040;756
2041;515
2042;757
2043;716
2044;515
2045;758
2046;515
2047;759
2048;760
2049;515
2050;68
2051;631
2052;13
2053;44
2054;761
2055;702
2056;762
2057;702
2058;702
2059;702
2060;702
2061;702
2062;702
2063;763
2064;764
2065;765
2066;766
2067;359
2068;764
2069;767
2070;768
2071;716
2072;213
2073;769
2074;770
2075;764
2076;771
2077;772
2078;773
2079;747
2080;770
2081;769
2082;769
2083;769
2084;66
2085;66
2086;66
2087;774
2088;66
2089;66
2090;770
2091;552
2092;724
2093;758
2094;775
2095;724
2096;776
2097;724
2098;777
2099;552
2100;724
2101;594
2102;724
2103;716
2104;778
2105;779
2106;780
2107;781
2108;781
2109;781
2110;13
2111;749
2112;749
2113;782
2114;783
2115;749
2116;749
2117;784
2118;785
2119;699
2120;786
2121;787
2122;787
2123;786
2124;787
2125;787
2126;765
2127;699
2128;788
2129;789
2130;784
2131;75
2132;716
2133;790
2134;790
2135;775
2136;790
2137;790
2138;790
2139;791
2140;790
2141;790
2142;790
2143;790
2144;792
2145;775
2146;775
2147;792
2148;793
2149;793
2150;786
2151;794
2152;794
2153;795
2154;784
2155;793
2156;793
2157;173
2158;796
2159;793
2160;673
2161;337
2162;793
2163;793
2164;142
2165;793
2166;797
2167;793
2168;795
2169;798
2170;799
2171;800
2172;793
2173;793
2174;793
2175;151
2176;793
2177;693
2178;716
2179;801
2180;693
2181;169
2182;105
2183;113
2184;515
2185;784
2186;802
2187;803
2188;798
2189;515
2190;795
2191;804
2192;784
2193;515
2194;805
2195;806
2196;807
2197;515
2198;678
2199;515
2200;808
2201;809
2202;809
2203;515
2204;515
2205;810
2206;144
2207;716
2208;85
2209;515
2210;811
2211;44
2212;44
2213;784
2214;515
2215;765
2216;765
2217;765
2218;515
2219;812
2220;328
2221;515
2222;756
2223;800
2224;813
2225;814
2226;815
2227;815
2228;756
2229;816
2230;67
2231;817
2232;795
2233;818
2234;818
2235;716
2236;819
2237;320
2238;819
2239;817
2240;404
2241;820
2242;756
2243;724
2244;724
2245;445
2246;821
2247;571
2248;724
2249;619
2250;344
2251;724
2252;575
2253;575
2254;756
2255;822
2256;823
2257;824
2258;824
2259;382
2260;825
2261;826
2262;827
2263;415
2264;828
2265;829
2266;817
2267;110
2268;830
2269;831
2270;831
2271;832
2272;833
2273;834
2274;817
2275;835
2276;241
2277;836
2278;837
2279;740
2280;838
2281;839
2282;840
2283;839
2284;834
2285;841
2286;142
2287;708
2288;203
2289;337
2290;337
2291;245
2292;164
2293;245
2294;608
2295;164
2296;164
2297;90
2298;152
2299;842
2300;236
2301;795
2302;164
2303;567
2304;673
2305;843
2306;730
2307;608
2308;844
2309;608
2310;116
2311;845
2312;608
2313;567
2314;846
2315;847
2316;798
2317;494
2318;608
2319;730
2320;798
2321;848
2322;849
2323;850
2324;851
2325;110
2326;68
2327;852
2328;849
2329;169
2330;730
2331;853
2332;854
2333;730
2334;855
2335;849
2336;856
2337;730
2338;730
2339;730
2340;730
2341;849
2342;730
2343;120
2344;799
2345;857
2346;105
2347;113
2348;113
2349;849
2350;858
2351;858
2352;859
2353;420
2354;860
2355;693
2356;693
2357;858
2358;861
2359;528
2360;849
2361;861
2362;855
2363;730
2364;861
2365;849
2366;861
2367;856
2368;858
2369;861
2370;862
2371;853
2372;861
2373;863
2374;100
2375;849
2376;864
2377;861
2378;861
2379;861
2380;861
2381;453
2382;856
2383;44
2384;44
2385;858
2386;730
2387;865
2388;858
2389;866
2390;867
2391;868
2392;862
2393;512
2394;869
2395;870
2396;871
2397;872
2398;871
2399;756
2400;483
2401;873
2402;871
2403;856
2404;874
2405;483
2406;313
2407;875
2408;871
2409;125
2410;871
2411;856
2412;871
2413;299
2414;876
2415;144
2416;756
2417;877
2418;871
2419;855
2420;192
2421;787
2422;756
2423;878
2424;787
2425;787
2426;500
2427;703
2428;756
2429;879
2430;724
2431;24
2432;880
2433;881
2434;724
2435;856
2436;724
2437;404
2438;881
2439;881
2440;882
2441;594
2442;52
2443;883
2444;404
2445;549
2446;855
2447;884
2448;885
2449;756
2450;886
2451;886
2452;887
2453;142
2454;142
2455;856
2456;609
2457;855
2458;882
2459;888
2460;380
2461;380
2462;853
2463;889
2464;890
2465;114
2466;886
2467;886
2468;856
2469;337
2470;891
2471;394
2472;422
2473;170
2474;892
2475;882
2476;882
2477;710
2478;114
2479;710
2480;710
2481;710
2482;848
2483;882
2484;337
2485;893
2486;894
2487;895
2488;896
2489;798
2490;421
2491;897
2492;421
2493;421
2494;898
2495;258
2496;899
2497;900
2498;901
2499;902
2500;328
2501;903
2502;904
2503;897
2504;549
2505;905
2506;905
2507;906
2508;746
2509;18
2510;907
2511;908
2512;909
2513;910
2514;871
2515;571
2516;911
2517;740
2518;871
2519;912
2520;482
2521;136
2522;482
2523;871
2524;756
2525;482
2526;907
2527;897
2528;907
2529;871
2530;913
2531;871
2532;914
2533;915
2534;871
2535;916
2536;917
2537;756
2538;24
2539;871
2540;756
2541;918
2542;919
2543;871
2544;871
2545;871
2546;426
2547;192
2548;192
2549;393
2550;920
2551;510
2552;838
2553;510
2554;787
2555;787
2556;838
2557;838
2558;907
2559;871
2560;921
2561;115
2562;922
2563;897
2564;923
2565;907
2566;277
2567;924
2568;220
2569;594
2570;882
2571;925
2572;926
2573;18
2574;927
2575;123
2576;928
2577;928
2578;928
2579;929
2580;240
2581;337
2582;930
2583;928
2584;928
2585;928
2586;882
2587;928
2588;882
2589;912
2590;928
2591;928
2592;882
2593;928
2594;882
2595;337
2596;928
2597;928
2598;931
2599;928
2600;549
2601;90
2602;932
2603;90
2604;928
2605;933
2606;934
2607;935
2608;928
2609;896
2610;896
2611;896
2612;574
2613;936
2614;937
2615;937
2616;938
2617;896
2618;939
2619;940
2620;897
2621;102
2622;446
2623;941
2624;942
2625;942
2626;943
2627;944
2628;421
2629;421
2630;421
2631;421
2632;421
2633;945
2634;421
2635;421
2636;421
2637;421
2638;946
2639;947
2640;931
2641;95
2642;948
2643;949
2644;950
2645;950
2646;907
2647;951
2648;952
2649;231
2650;231
2651;953
2652;954
2653;245
2654;955
2655;100
2656;956
2657;263
2658;957
2659;848
2660;931
2661;693
2662;958
2663;959
2664;960
2665;811
2666;693
2667;693
2668;693
2669;693
2670;961
2671;907
2672;886
2673;886
2674;770
2675;740
2676;897
2677;567
2678;567
2679;962
2680;963
2681;964
2682;965
2683;966
2684;967
2685;968
2686;968
2687;931
2688;958
2689;85
2690;969
2691;969
2692;970
2693;971
2694;969
2695;971
2696;971
2697;969
2698;972
2699;973
2700;683
2701;972
2702;683
2703;974
2704;683
2705;975
2706;972
2707;976
2708;929
2709;974
2710;683
2711;894
2712;683
2713;976
2714;977
2715;683
2716;978
2717;979
2718;683
2719;976
2720;974
2721;974
2722;772
2723;683
2724;886
2725;787
2726;787
2727;886
2728;116
2729;683
2730;976
2731;975
2732;683
2733;980
2734;426
2735;787
2736;787
2737;683
2738;981
2739;683
2740;982
2741;983
2742;984
2743;985
2744;985
2745;683
2746;985
2747;985
2748;986
2749;986
2750;987
2751;738
2752;683
2753;988
2754;989
2755;740
2756;683
2757;738
2758;990
2759;975
2760;975
2761;975
2762;683
2763;991
2764;992
2765;993
2766;557
2767;683
2768;683
2769;994
2770;995
2771;683
2772;129
2773;996
2774;159
2775;683
2776;129
2777;997
2778;154
2779;837
2780;998
2781;999
2782;683
2783;1000
2784;991
2785;332
2786;1001
2787;114
2788;683
2789;52
2790;1002
2791;1003
2792;991
2793;683
2794;1004
2795;683
2796;1005
2797;1005
2798;1006
2799;1007
2800;683
2801;886
2802;886
2803;683
2804;683
2805;1008
2806;1009
2807;1010
2808;1011
2809;937
2810;1012
2811;604
2812;683
2813;102
2814;683
2815;1013
2816;1014
2817;683
2818;1015
2819;1016
2820;421
2821;683
2822;683
2823;958
2824;921
2825;1017
2826;1018
2827;958
2828;1019
2829;683
2830;683
2831;847
2832;1020
2833;1021
2834;1008
2835;683
2836;1016
2837;1022
2838;683
2839;1023
2840;1024
2841;1025
2842;683
2843;1026
2844;1023
2845;1023
2846;1025
2847;683
2848;683
2849;1025
2850;1027
2851;1027
2852;929
2853;938
2854;1028
2855;683
2856;1025
2857;1029
2858;338
2859;683
2860;849
2861;1025
2862;1030
2863;1030
2864;683
2865;849
2866;1025
2867;1025
2868;1031
2869;1032
2870;683
2871;1033
2872;1034
2873;1034
2874;1034
2875;1034
2876;683
2877;683
2878;1035
2879;636
2880;911
2881;1036
2882;1037
2883;1038
2884;50
2885;1039
2886;1035
2887;61
2888;1040
2889;849
2890;1041
2891;849
2892;1042
2893;1043
2894;1044
2895;571
2896;1045
2897;1046
2898;849
2899;849
2900;1047
2901;1048
2902;1048
2903;849
2904;738
2905;849
2906;1049
2907;1050
2908;192
2909;894
2910;524
2911;455
2912;1051
2913;1051
2914;1052
2915;501
2916;1053
2917;455
2918;1054
2919;143
2920;897
2921;143
2922;994
2923;1055
2924;1056
2925;1056
2926;185
2927;455
2928;1057
2929;787
2930;787
2931;787
2932;787
2933;1058
2934;213
2935;1059
2936;1060
2937;1061
2938;455
2939;994
2940;1050
2941;1061
2942;455
2943;1050
2944;1062
2945;1061
2946;524
2947;524
2948;524
2949;1061
2950;500
2951;1004
2952;1063
2953;1061
2954;1064
2955;414
2956;1065
2957;1061
2958;1066
2959;1067
2960;1061
2961;332
2962;1061
2963;1061
2964;332
2965;1061
2966;414
2967;414
2968;1061
2969;510
2970;1068
2971;1061
2972;1061
2973;1069
2974;1063
2975;236
2976;897
2977;1056
2978;320
2979;476
2980;221
2981;1070
2982;536
2983;221
2984;221
2985;221
2986;1070
2987;1071
2988;1072
2989;1073
2990;75
2991;1074
2992;1075
2993;469
2994;738
2995;1076
2996;103
2997;839
2998;839
2999;228
3000;1077
3001;1005
3002;1078
3003;931
3004;896
3005;896
3006;1079
3007;926
3008;897
3009;417
3010;1080
3011;482
3012;931
3013;1081
3014;421
3015;100
3016;1082
3017;931
3018;421
3019;421
3020;421
3021;421
3022;1083
3023;482
3024;897
3025;1084
3026;963
3027;482
3028;689
3029;1017
3030;421
3031;421
3032;421
3033;1085
3034;258
3035;368
3036;963
3037;1008
3038;1077
3039;91
3040;963
3041;1086
3042;1077
3043;1086
3044;1087
3045;1027
3046;1027
3047;963
3048;1064
3049;1088
3050;963
3051;929
3052;963
3053;1089
3054;963
3055;1090
3056;996
3057;963
3058;460
3059;460
3060;963
3061;114
3062;1091
3063;80
3064;1068
3065;1092
3066;963
3067;963
3068;1093
3069;113
3070;963
3071;1094
3072;1095
3073;963
3074;694
3075;965
3076;694
3077;911
3078;963
3079;963
3080;116
3081;125
3082;1096
3083;1097
3084;1098
3085;1099
3086;185
3087;1065
3088;1100
3089;1101
3090;192
3091;192
3092;1102
3093;1049
3094;103
3095;1103
3096;1104
3097;787
3098;787
3099;787
3100;1105
3101;1106
3102;923
3103;1107
3104;1108
3105;658
3106;1065
3107;1109
3108;894
3109;151
3110;1110
3111;1111
3112;1112
3113;1068
3114;1038
3115;1038
3116;245
3117;1113
3118;406
3119;332
3120;1114
3121;1115
3122;821
3123;332
3124;332
3125;1114
3126;1116
3127;1114
3128;738
3129;52
3130;1117
3131;821
3132;821
3133;1114
3134;228
3135;1117
3136;1118
3137;915
3138;1114
3139;859
3140;1119
3141;1114
3142;586
3143;1114
3144;110
3145;1120
3146;586
3147;1121
3148;1114
3149;1114
3150;1122
3151;1123
3152;1124
3153;1125
3154;1126
3155;1127
3156;1128
3157;1117
3158;757
3159;1117
3160;1129
3161;1129
3162;110
3163;214
3164;214
3165;214
3166;214
3167;214
3168;214
3169;1127
3170;1130
3171;214
3172;214
3173;214
3174;1131
3175;838
3176;214
3177;1132
3178;1133
3179;1132
3180;1134
3181;839
3182;1135
3183;52
3184;1133
3185;882
3186;1133
3187;1136
3188;650
3189;1137
3190;1068
3191;1068
3192;1127
3193;105
3194;197
3195;882
3196;30
3197;1138
3198;1091
3199;1091
3200;882
3201;16
3202;1139
3203;1140
3204;1141
3205;157
3206;1141
3207;1142
3208;1127
3209;1143
3210;1144
3211;85
3212;1145
3213;1142
3214;289
3215;289
3216;1127
3217;1142
3218;1146
3219;1147
3220;1129
3221;1129
3222;1142
3223;1129
3224;1148
3225;1142
3226;1149
3227;911
3228;1150
3229;1142
3230;1151
3231;1152
3232;154
3233;1142
3234;1153
3235;1154
3236;328
3237;1155
3238;1142
3239;1156
3240;1157
3241;1142
3242;1158
3243;1142
3244;806
3245;1159
3246;1160
3247;1161
3248;1142
3249;1162
3250;1068
3251;192
3252;192
3253;192
3254;1142
3255;1163
3256;346
3257;1164
3258;1165
3259;1142
3260;114
3261;571
3262;1142
3263;1154
3264;415
3265;228
3266;99
3267;1142
3268;1166
3269;622
3270;848
3271;1142
3272;787
3273;787
3274;1117
3275;1117
3276;898
3277;1142
3278;1142
3279;1167
3280;1168
3281;1168
3282;1141
3283;1142
3284;1169
3285;1167
3286;1167
3287;1169
3288;1142
3289;1104
3290;1166
3291;1142
3292;1170
3293;1142
3294;1170
3295;1169
3296;1171
3297;586
3298;1142
3299;1172
3300;332
3301;1169
3302;1142
3303;586
3304;1142
3305;1169
3306;1173
3307;1142
3308;1174
3309;1175
3310;1142
3311;1176
3312;1177
3313;1176
3314;1176
3315;706
3316;1178
3317;1178
3318;1179
3319;1142
3320;1175
3321;1169
3322;1180
3323;1175
3324;1142
3325;1175
3326;1181
3327;1182
3328;1169
3329;1183
3330;1126
3331;1142
3332;1005
3333;1005
3334;1005
3335;1005
3336;1005
3337;1184
3338;1183
3339;138
3340;214
3341;1142
3342;214
3343;344
3344;1185
3345;632
3346;632
3347;632
3348;1142
3349;1169
3350;214
3351;1186
3352;1142
3353;1187
3354;950
3355;1142
3356;470
3357;950
3358;1169
3359;1038
3360;1184
3361;1188
3362;1189
3363;1190
3364;1169
3365;848
3366;629
3367;1191
3368;1192
3369;1099
3370;1193
3371;1017
3372;1171
3373;1194
3374;1195
3375;1196
3376;1197
3377;1097
3378;1097
3379;1091
3380;1091
3381;1091
3382;68
3383;1198
3384;245
3385;1198
3386;1199
3387;1200
3388;1201
3389;105
3390;1200
3391;1200
3392;1199
3393;1202
3394;241
3395;1199
3396;1200
3397;1200
3398;965
3399;965
3400;1199
3401;1203
3402;1141
3403;1199
3404;1204
3405;1199
3406;1055
3407;228
3408;100
3409;688
3410;1199
3411;1205
3412;667
3413;1206
3414;1206
3415;1199
3416;1206
3417;911
3418;1206
3419;1207
3420;1206
3421;1199
3422;1208
3423;1206
3424;1209
3425;1206
3426;1206
3427;1206
3428;1206
3429;1206
3430;1210
3431;1206
3432;1191
3433;1206
3434;1206
3435;1211
3436;1106
3437;287
3438;1206
3439;1212
3440;317
3441;1213
3442;1212
3443;1206
3444;1206
3445;1212
3446;1206
3447;1206
3448;1214
3449;1214
3450;1206
3451;986
3452;986
3453;122
3454;1206
3455;1206
3456;404
3457;52
3458;122
3459;807
3460;738
3461;192
3462;192
3463;192
3464;1096
3465;1215
3466;787
3467;787
3468;787
3469;787
3470;787
3471;1051
3472;236
3473;1216
3474;923
3475;1217
3476;1218
3477;470
3478;1141
3479;1219
3480;114
3481;586
3482;586
3483;586
3484;1152
3485;1220
3486;1134
3487;1221
3488;1221
3489;838
3490;655
3491;586
3492;1219
3493;838
3494;838
3495;1222
3496;586
3497;1212
3498;1212
3499;1210
3500;1222
3501;1212
3502;420
3503;1222
3504;1222
3505;1221
3506;1221
3507;1212
3508;1222
3509;1223
3510;1212
3511;1224
3512;173
3513;1191
3514;1222
3515;1222
3516;1221
3517;1222
3518;927
3519;1132
3520;1222
3521;1225
3522;296
3523;1226
3524;33
3525;404
3526;1221
3527;1005
3528;1005
3529;1005
3530;84
3531;1221
3532;1227
3533;168
3534;116
3535;168
3536;757
3537;222
3538;1228
3539;1228
3540;1229
3541;1221
3542;1230
3543;1231
3544;1210
3545;1221
3546;1221
3547;692
3548;1047
3549;1232
3550;1233
3551;168
3552;168
3553;168
3554;1233
3555;301
3556;1233
3557;1022
3558;1228
3559;1233
3560;213
3561;1234
3562;1234
3563;1235
3564;1233
3565;1236
3566;1237
3567;1234
3568;1234
3569;1233
3570;453
3571;201
3572;1238
3573;1091
3574;1239
3575;1240
3576;1119
3577;1233
3578;164
3579;1239
3580;1239
3581;1233
3582;100
3583;1239
3584;1241
3585;1242
3586;1239
3587;1243
3588;1234
3589;1244
3590;1243
3591;1239
3592;621
3593;1242
3594;1191
3595;1243
3596;1242
3597;1239
3598;274
3599;1178
3600;1244
3601;1142
3602;1245
3603;1245
3604;1239
3605;1243
3606;1243
3607;1142
3608;1239
3609;1142
3610;1239
3611;1246
3612;1142
3613;1247
3614;1247
3615;1234
3616;1234
3617;157
3618;1142
3619;1248
3620;465
3621;1142
3622;274
3623;274
3624;1142
3625;1249
3626;1234
3627;1234
3628;1250
3629;940
3630;1251
3631;596
3632;571
3633;1234
3634;1252
3635;1212
3636;1212
3637;1250
3638;1242
3639;1253
3640;1242
3641;1242
3642;1254
3643;1254
3644;1242
3645;1051
3646;1051
3647;477
3648;1255
3649;477
3650;1242
3651;1242
3652;1242
3653;640
3654;1256
3655;192
3656;1254
3657;245
3658;1176
3659;586
3660;1257
3661;1176
3662;1176
3663;1176
3664;1212
3665;1258
3666;1176
3667;1234
3668;1234
3669;586
3670;1250
3671;1212
3672;586
3673;1212
3674;1234
3675;586
3676;320
3677;1259
3678;1076
3679;1210
3680;509
3681;1234
3682;1234
3683;1260
3684;1261
3685;1250
3686;1262
3687;1191
3688;1261
3689;1261
3690;1263
3691;1234
3692;1234
3693;1264
3694;1263
3695;1234
3696;1263
3697;1265
3698;1263
3699;1263
3700;1263
3701;1266
3702;1267
3703;1267
3704;68
3705;301
3706;1263
3707;1268
3708;1263
3709;1269
3710;1263
3711;1270
3712;1263
3713;1271
3714;1263
3715;1272
3716;1272
3717;85
3718;1234
3719;1234
3720;1263
3721;1263
3722;1273
3723;1272
3724;1274
3725;1275
3726;1276
3727;1005
3728;1005
3729;1228
3730;809
3731;1277
3732;1274
3733;1278
3734;1278
3735;1279
3736;185
3737;1279
3738;1280
3739;1279
3740;1121
3741;338
3742;1279
3743;214
3744;1281
3745;1279
3746;1282
3747;1268
3748;1279
3749;1283
3750;1279
3751;214
3752;214
3753;214
3754;1279
3755;1279
3756;1279
3757;214
3758;214
3759;214
3760;1284
3761;1285
3762;1286
3763;1287
3764;214
3765;214
3766;301
3767;1279
3768;125
3769;1279
3770;1279
3771;1279
3772;1279
3773;1288
3774;1289
3775;1290
3776;1291
3777;1292
3778;641
3779;1293
3780;1194
3781;1279
3782;292
3783;1294
3784;1279
3785;1279
3786;1279
3787;558
3788;56
3789;1004
3790;116
3791;1295
3792;1296
3793;915
3794;1191
3795;105
3796;105
3797;1297
3798;1289
3799;346
3800;1245
3801;1298
3802;1297
3803;1004
3804;114
3805;1257
3806;1297
3807;301
3808;1299
3809;1297
3810;1297
3811;18
3812;1096
3813;1257
3814;1257
3815;115
3816;66
3817;1300
3818;1257
3819;1300
3820;1250
3821;1301
3822;1302
3823;1289
3824;278
3825;1250
3826;911
3827;1303
3828;154
3829;1304
3830;907
3831;1276
3832;1305
3833;1191
3834;1306
3835;1307
3836;1276
3837;1308
3838;787
3839;787
3840;787
3841;787
3842;123
3843;1097
3844;291
3845;1309
3846;1257
3847;1257
3848;1310
3849;1289
3850;1257
3851;1309
3852;1311
3853;1309
3854;1312
3855;1309
3856;424
3857;1313
3858;738
3859;301
3860;1314
3861;277
3862;1313
3863;405
3864;1315
3865;1316
3866;1309
3867;1313
3868;1317
3869;1318
3870;1313
3871;301
3872;1319
3873;370
3874;1313
3875;1320
3876;986
3877;986
3878;1318
3879;1257
3880;301
3881;1320
3882;1320
3883;210
3884;1289
3885;1100
3886;1320
3887;50
3888;1321
3889;151
3890;1320
3891;1322
3892;1323
3893;1324
3894;1320
3895;1323
3896;301
3897;1325
3898;1325
3899;773
3900;1326
3901;1320
3902;1327
3903;1328
3904;1329
3905;52
3906;1330
3907;1326
3908;1191
3909;1331
3910;1325
3911;1325
3912;568
3913;947
3914;2
3915;2
3916;1332
3917;301
3918;1228
3919;1228
3920;1333
3921;1289
3922;1285
3923;1334
3924;1285
3925;1285
3926;1333
3927;1285
3928;1335
3929;1335
3930;1276
3931;357
3932;1285
3933;2
3934;1336
3935;1276
3936;357
3937;357
3938;738
3939;1337
3940;679
3941;52
3942;1338
3943;1339
3944;105
3945;1004
3946;105
3947;1245
3948;1245
3949;1245
3950;1289
3951;1340
3952;715
3953;1341
3954;1342
3955;1343
3956;1344
3957;1345
3958;348
3959;1346
3960;142
3961;1347
3962;1348
3963;1191
3964;1163
3965;1349
3966;1350
3967;1102
3968;510
3969;1351
3970;1351
3971;571
3972;1351
3973;1352
3974;1351
3975;1352
3976;1351
3977;1353
3978;1351
3979;1354
3980;1354
3981;1354
3982;1351
3983;1354
3984;1354
3985;1355
3986;236
3987;727
3988;1027
3989;1027
3990;1356
3991;1351
3992;1351
3993;738
3994;1351
3995;1357
3996;1351
3997;1351
3998;1348
3999;1358
4000;1351
4001;1351
4002;1351
4003;1348
4004;1348
4005;1359
4006;1360
4007;1361
4008;1362
4009;1351
4010;1360
4011;1363
4012;258
4013;1360
4014;1364
4015;391
4016;1351
4017;1365
4018;114
4019;1351
4020;1351
4021;1360
4022;1360
4023;1348
4024;1348
4025;1360
4026;1360
4027;100
4028;302
4029;1348
4030;1348
4031;302
4032;1348
4033;302
4034;302
4035;316
4036;302
4037;1191
4038;302
4039;302
4040;427
4041;416
4042;982
4043;302
4044;245
4045;1366
4046;302
4047;1265
4048;302
4049;1367
4050;622
4051;302
4052;1368
4053;1369
4054;302
4055;1370
4056;1228
4057;1256
4058;302
4059;1371
4060;1371
4061;120
4062;302
4063;821
4064;821
4065;1285
4066;1371
4067;302
4068;821
4069;1096
4070;214
4071;214
4072;214
4073;214
4074;738
4075;214
4076;214
4077;214
4078;302
4079;907
4080;1372
4081;1372
4082;214
4083;302
4084;214
4085;214
4086;1373
4087;1374
4088;214
4089;214
4090;214
4091;302
4092;214
4093;214
4094;214
4095;1372
4096;1372
4097;1375
4098;1376
4099;1377
4100;302
4101;214
4102;1372
4103;214
4104;1375
4105;408
4106;1228
4107;1372
4108;1372
4109;1372
4110;1372
4111;302
4112;1375
4113;1372
4114;975
4115;1377
4116;1324
4117;1375
4118;302
4119;1377
4120;1378
4121;1379
4122;1380
4123;1377
4124;302
4125;1381
4126;1364
4127;1364
4128;1364
4129;1364
4130;1341
4131;1341
4132;16
4133;302
4134;1142
4135;1382
4136;1372
4137;1382
4138;1372
4139;302
4140;1383
4141;1382
4142;1372
4143;1359
4144;1372
4145;1142
4146;1382
4147;1373
4148;1382
4149;1384
4150;1372
4151;1372
4152;1288
4153;1372
4154;1382
4155;302
4156;1382
4157;1191
4158;1385
4159;1382
4160;1379
4161;1372
4162;1382
4163;1372
4164;1382
4165;1382
4166;302
4167;1379
4168;1386
4169;302
4170;1387
4171;1388
4172;1322
4173;1367
4174;428
4175;1372
4176;1372
4177;302
4178;1139
4179;1139
4180;1372
4181;1245
4182;1245
4183;1372
4184;302
4185;1085
4186;1372
4187;1389
4188;1372
4189;1390
4190;545
4191;1372
4192;1372
4193;302
4194;1372
4195;1391
4196;1392
4197;302
4198;1393
4199;1373
4200;156
4201;105
4202;302
4203;245
4204;727
4205;417
4206;302
4207;907
4208;1359
4209;1372
4210;1394
4211;1372
4212;302
4213;1372
4214;1395
4215;1392
4216;1372
4217;1096
4218;1396
4219;1397
4220;302
4221;1372
4222;444
4223;1398
4224;302
4225;1096
4226;302
4227;1096
4228;1399
4229;738
4230;1372
4231;302
4232;1372
4233;426
4234;1372
4235;1400
4236;1401
4237;1402
4238;302
4239;1372
4240;1372
4241;16
4242;1403
4243;1403
4244;302
4245;1402
4246;1404
4247;302
4248;1404
4249;1402
4250;302
4251;1405
4252;1406
4253;213
4254;1404
4255;471
4256;302
4257;1152
4258;1404
4259;302
4260;1407
4261;1408
4262;302
4263;1272
4264;203
4265;1409
4266;1404
4267;1410
4268;1411
4269;1412
4270;1413
4271;1404
4272;1384
4273;1373
4274;221
4275;1414
4276;1414
4277;1415
4278;1414
4279;1414
4280;1416
4281;1417
4282;1404
4283;1414
4284;142
4285;142
4286;142
4287;221
4288;221
4289;1414
4290;1404
4291;1414
4292;1414
4293;559
4294;1113
4295;1113
4296;1404
4297;1418
4298;1419
4299;263
4300;52
4301;1418
4302;1420
4303;1404
4304;1421
4305;1422
4306;1038
4307;1418
4308;1418
4309;1404
4310;1225
4311;1423
4312;1423
4313;1404
4314;1424
4315;1418
4316;1404
4317;1418
4318;1418
4319;1418
4320;1404
4321;1409
4322;745
4323;1425
4324;1426
4325;1418
4326;1404
4327;1423
4328;1423
4329;907
4330;1275
4331;1275
4332;1275
4333;1022
4334;1427
4335;1412
4336;85
4337;1423
4338;480
4339;1391
4340;1191
4341;855
4342;1428
4343;477
4344;1412
4345;1423
4346;1423
4347;1404
4348;214
4349;214
4350;214
4351;214
4352;1404
4353;1429
4354;1430
4355;1404
4356;1423
4357;1423
4358;1404
4359;1431
4360;476
4361;1431
4362;1431
4363;1404
4364;476
4365;1423
4366;1380
4367;1404
4368;1404
4369;806
4370;1432
4371;1404
4372;1404
4373;1433
4374;1404
4375;1434
4376;100
4377;1435
4378;1436
4379;1437
4380;1438
4381;734
4382;1439
4383;1440
4384;1441
4385;1441
4386;685
4387;1442
4388;1441
4389;1441
4390;571
4391;1436
4392;1443
4393;491
4394;1439
4395;1444
4396;476
4397;1441
4398;1441
4399;1445
4400;1441
4401;1441
4402;1436
4403;1436
4404;1446
4405;1436
4406;1436
4407;1447
4408;734
4409;1448
4410;1004
4411;1449
4412;1191
4413;1312
4414;1450
4415;125
4416;1444
4417;1444
4418;1451
4419;1452
4420;180
4421;1397
4422;1397
4423;1399
4424;1453
4425;1454
4426;1102
4427;1455
4428;52
4429;1456
4430;1457
4431;52
4432;157
4433;60
4434;1458
4435;1430
4436;1027
4437;1027
4438;158
4439;1459
4440;515
4441;1460
4442;1215
4443;915
4444;1461
4445;1461
4446;1461
4447;515
4448;1106
4449;1106
4450;1461
4451;515
4452;1462
4453;1461
4454;1463
4455;1464
4456;515
4457;1465
4458;1461
4459;1466
4460;1461
4461;16
4462;1466
4463;1461
4464;1461
4465;1467
4466;654
4467;515
4468;1461
4469;515
4470;515
4471;1460
4472;1460
4473;426
4474;116
4475;52
4476;821
4477;515
4478;1468
4479;1469
4480;1470
4481;1421
4482;515
4483;1471
4484;1460
4485;1460
4486;515
4487;1472
4488;1460
4489;515
4490;1468
4491;515
4492;515
4493;515
4494;1191
4495;1473
4496;515
4497;1474
4498;1225
4499;890
4500;515
4501;1475
4502;328
4503;613
4504;1228
4505;515
4506;1476
4507;515
4508;1477
4509;515
4510;214
4511;214
4512;214
4513;214
4514;515
4515;515
4516;1430
4517;515
4518;1478
4519;313
4520;515
4521;79
4522;1479
4523;1380
4524;1480
4525;415
4526;515
4527;1481
4528;515
4529;1228
4530;1482
4531;555
4532;1483
4533;1484
4534;1485
4535;1486
4536;280
4537;1487
4538;344
4539;280
4540;280
4541;52
4542;685
4543;1487
4544;1289
4545;1488
4546;80
4547;105
4548;1489
4549;1490
4550;1491
4551;1245
4552;1191
4553;1492
4554;1114
4555;91
4556;1493
4557;1114
4558;1494
4559;1494
4560;1495
4561;1495
4562;1114
4563;1114
4564;1114
4565;1114
4566;1495
4567;1496
4568;1114
4569;1114
4570;1114
4571;1114
4572;1114
4573;1495
4574;1053
4575;1114
4576;1495
4577;1114
4578;1496
4579;1114
4580;1114
4581;1393
4582;1495
4583;1495
4584;1495
4585;1496
4586;1495
4587;1497
4588;1409
4589;1388
4590;1004
4591;1498
4592;1496
4593;986
4594;1430
4595;68
4596;1499
4597;1412
4598;1358
4599;1500
4600;1496
4601;1285
4602;1312
4603;1496
4604;1501
4605;110
4606;545
4607;1496
4608;1495
4609;1495
4610;1496
4611;1495
4612;1495
4613;1495
4614;1317
4615;1486
4616;1502
4617;97
4618;193
4619;1503
4620;1504
4621;129
4622;1028
4623;52
4624;1409
4625;129
4626;1505
4627;129
4628;986
4629;129
4630;193
4631;406
4632;1506
4633;1507
4634;1508
4635;1412
4636;763
4637;1195
4638;1509
4639;1509
4640;1191
4641;1510
4642;1511
4643;1508
4644;890
4645;1512
4646;193
4647;1430
4648;66
4649;1513
4650;1491
4651;1508
4652;1508
4653;1491
4654;1491
4655;1412
4656;1491
4657;583
4658;1514
4659;1491
4660;1108
4661;1491
4662;1491
4663;100
4664;1334
4665;1491
4666;1515
4667;1516
4668;1516
4669;1516
4670;602
4671;1517
4672;1518
4673;772
4674;1516
4675;1516
4676;1519
4677;1520
4678;1322
4679;1275
4680;1275
4681;1275
4682;1275
4683;1275
4684;1516
4685;1521
4686;1228
4687;116
4688;1366
4689;1522
4690;1202
4691;303
4692;1523
4693;52
4694;1524
4695;825
4696;1525
4697;1526
4698;1527
4699;1528
4700;1449
4701;1191
4702;1529
4703;1380
4704;214
4705;393
4706;95
4707;813
4708;926
4709;1530
4710;1523
4711;1531
4712;1341
4713;1341
4714;1341
4715;1531
4716;1341
4717;1341
4718;926
4719;1430
4720;1532
4721;1533
4722;236
4723;1006
4724;685
4725;1534
4726;1535
4727;1530
4728;1530
4729;1529
4730;1536
4731;1537
4732;1538
4733;1510
4734;1539
4735;1529
4736;1540
4737;52
4738;1541
4739;317
4740;240
4741;1245
4742;1245
4743;1542
4744;1245
4745;805
4746;1543
4747;1544
4748;1545
4749;1102
4750;1470
4751;1546
4752;1499
4753;1547
4754;1548
4755;24
4756;1549
4757;1399
4758;1496
4759;1430
4760;1191
4761;1496
4762;1404
4763;1550
4764;926
4765;652
4766;1496
4767;1496
4768;1404
4769;404
4770;26
4771;1448
4772;1404
4773;1551
4774;1552
4775;1551
4776;1553
4777;1551
4778;1404
4779;1554
4780;1468
4781;644
4782;1555
4783;1404
4784;1556
4785;1551
4786;1557
4787;1558
4788;1559
4789;1551
4790;1558
4791;1161
4792;1404
4793;1560
4794;1561
4795;721
4796;721
4797;1551
4798;1558
4799;1551
4800;241
4801;1558
4802;1558
4803;276
4804;1551
4805;1558
4806;1551
4807;1558
4808;1551
4809;1562
4810;1558
4811;1409
4812;1563
4813;1558
4814;1289
4815;1564
4816;1559
4817;1528
4818;66
4819;1558
4820;66
4821;1558
4822;66
4823;1558
4824;1558
4825;1565
4826;721
4827;1558
4828;1558
4829;745
4830;66
4831;66
4832;692
4833;1566
4834;383
4835;404
4836;1567
4837;722
4838;1085
4839;672
4840;1568
4841;536
4842;383
4843;1569
4844;1559
4845;1473
4846;383
4847;330
4848;1430
4849;1570
4850;24
4851;1571
4852;1572
4853;26
4854;1559
4855;1559
4856;157
4857;1289
4858;1275
4859;26
4860;1573
4861;1275
4862;1228
4863;1228
4864;780
4865;1570
4866;1570
4867;1559
4868;233
4869;1574
4870;1574
4871;1570
4872;1575
4873;1574
4874;1576
4875;1576
4876;1574
4877;1574
4878;1570
4879;1498
4880;1570
4881;1570
4882;1570
4883;1393
4884;1570
4885;1191
4886;1576
4887;1570
4888;1570
4889;330
4890;1570
4891;85
4892;320
4893;1570
4894;1577
4895;1570
4896;1570
4897;1577
4898;1570
4899;1570
4900;1570
4901;1577
4902;1468
4903;1524
4904;1578
4905;1053
4906;1577
4907;1578
4908;1577
4909;1579
4910;1578
4911;1580
4912;30
4913;1577
4914;1579
4915;1578
4916;1577
4917;1289
4918;1578
4919;1578
4920;1577
4921;1581
4922;1582
4923;1578
4924;1578
4925;1578
4926;1583
4927;1583
4928;1578
4929;1577
4930;1578
4931;615
4932;1584
4933;1577
4934;1577
4935;1585
4936;1577
4937;1586
4938;1587
4939;1588
4940;1589
4941;114
4942;1530
4943;105
4944;1590
4945;1430
4946;1591
4947;1289
4948;1592
4949;155
4950;1593
4951;26
4952;469
4953;1594
4954;125
4955;1588
4956;1595
4957;1568
4958;1102
4959;333
4960;1596
4961;1596
4962;1191
4963;1597
4964;29
4965;453
4966;1598
4967;1320
4968;1598
4969;1598
4970;1598
4971;1596
4972;1598
4973;1596
4974;1598
4975;1598
4976;1598
4977;1598
4978;1598
4979;1599
4980;1599
4981;1598
4982;1600
4983;725
4984;1598
4985;1598
4986;374
4987;1598
4988;1289
4989;1271
4990;1601
4991;1602
4992;1603
4993;1604
4994;1497
4995;26
4996;696
4997;1605
4998;1468
4999;1013
